timestamp,open,high,low,close,volume,price_change,volatility
2024-11-16 17:00:00,3145.19,3176.3,3141.18,3167.41,13260.0725,0.007067957954711712,0.01118051178219661
2024-11-16 18:00:00,3167.4,3182.33,3163.63,3180.76,12191.2088,0.004214800104817673,0.005910931430034428
2024-11-16 19:00:00,3180.76,3184.6,3164.59,3169.01,10067.3986,-0.0036940856902124564,0.006323093986898702
2024-11-16 20:00:00,3169.01,3175.0,3144.66,3150.12,14318.26,-0.0059608521273206705,0.009648101861568547
2024-11-16 21:00:00,3150.12,3159.49,3147.5,3154.2,7265.4812,0.0012951887547141272,0.0038093725178712573
2024-11-16 22:00:00,3154.2,3164.6,3132.4,3132.99,9507.2153,-0.006724367509986728,0.010279657770399636
2024-11-16 23:00:00,3132.99,3146.2,3121.91,3132.87,12080.8178,-3.830206926924706e-05,0.007780493351826274
2024-11-17 00:00:00,3132.88,3154.0,3131.2,3149.13,11380.7413,0.00519012917867645,0.007281553398058311
2024-11-17 01:00:00,3149.13,3149.13,3073.0,3085.0,32874.8138,-0.020364354599524348,0.024773836641718228
2024-11-17 02:00:00,3085.0,3085.0,3034.99,3065.36,39334.9677,-0.0063662884927065955,0.016477813765449052
2024-11-17 03:00:00,3065.36,3080.97,3053.07,3080.68,15708.9407,0.004997781663491407,0.009138342717330305
2024-11-17 04:00:00,3080.67,3136.64,3076.2,3126.7,35026.2298,0.01493826038407109,0.019647617190039678
2024-11-17 05:00:00,3126.69,3135.47,3093.76,3103.45,18954.3689,-0.007435954840566694,0.013481976623913807
2024-11-17 06:00:00,3103.46,3141.43,3102.51,3134.27,17433.2662,0.009930883371731536,0.0125446815642817
2024-11-17 07:00:00,3134.26,3147.72,3120.58,3136.79,13925.572,0.0008040149699930499,0.008697101179908823
2024-11-17 08:00:00,3136.79,3161.49,3130.37,3145.33,21875.5059,0.0027225284446839026,0.009941316841140151
2024-11-17 09:00:00,3145.34,3162.11,3131.94,3140.33,11535.0813,-0.0015896583188409474,0.009633007018014417
2024-11-17 10:00:00,3140.32,3151.32,3130.37,3138.0,10951.5361,-0.0007419602398474057,0.006692499608672545
2024-11-17 11:00:00,3138.0,3138.57,3100.81,3105.52,20064.8404,-0.010350541746335207,0.012177463307974439
2024-11-17 12:00:00,3105.53,3126.72,3101.2,3121.6,12095.7157,0.005177876812900939,0.008229072617051459
2024-11-17 13:00:00,3121.6,3122.26,3077.0,3103.34,24083.0232,-0.0058495643259866,0.014709132271693279
2024-11-17 14:00:00,3103.34,3111.36,3067.33,3088.27,24266.865,-0.004856058311367817,0.014354503754079347
2024-11-17 15:00:00,3088.26,3102.68,3077.55,3086.21,15282.6606,-0.000667040122787177,0.008165586261799045
2024-11-17 16:00:00,3086.2,3098.35,3071.6,3093.16,14060.7543,0.002251953042728738,0.00870881625211616
2024-11-17 17:00:00,3093.16,3115.72,3081.0,3107.0,15684.0425,0.00447438865108829,0.011269068484258293
2024-11-17 18:00:00,3107.0,3107.9,3072.34,3081.0,15899.7669,-0.008368200836820106,0.011574239830227104
2024-11-17 19:00:00,3081.0,3097.9,3071.87,3097.74,11815.4923,0.005433300876338754,0.008473665877787863
2024-11-17 20:00:00,3097.74,3106.99,3057.45,3073.37,20559.2902,-0.007867025638045755,0.016203045021177767
2024-11-17 21:00:00,3073.37,3086.18,3054.5,3062.25,13755.783,-0.0036181780911507255,0.010371582910459923
2024-11-17 22:00:00,3062.25,3089.59,3042.93,3068.08,21296.4828,0.0019038288839905437,0.015333905150627951
2024-11-17 23:00:00,3068.07,3078.2,3050.56,3076.0,11953.2169,0.0025814189982007463,0.009060631490611518
2024-11-18 00:00:00,3075.99,3124.2,3069.0,3097.99,23314.0949,0.007148894668400407,0.01798631476050825
2024-11-18 01:00:00,3097.99,3121.8,3093.0,3115.05,12560.2956,0.00550679634214446,0.009311348205625665
2024-11-18 02:00:00,3115.06,3124.13,3104.0,3110.4,10478.9569,-0.0014927529253142557,0.0064851804123711694
2024-11-18 03:00:00,3110.4,3112.28,3094.6,3111.96,9319.1414,0.0005015432098764983,0.005713177793576001
2024-11-18 04:00:00,3111.95,3116.2,3096.07,3100.65,8621.2977,-0.0036343654802760694,0.006501790980177985
2024-11-18 05:00:00,3100.65,3118.6,3097.0,3118.42,9883.3066,0.005731056391401701,0.006974491443332228
2024-11-18 06:00:00,3118.43,3146.93,3113.2,3146.34,22151.0826,0.008953251967342535,0.010834511113966343
2024-11-18 07:00:00,3146.33,3149.71,3123.38,3130.55,16393.1471,-0.005018529465982691,0.008429970096498
2024-11-18 08:00:00,3130.56,3139.78,3116.22,3121.51,12408.0874,-0.0028876714954241267,0.007560441817330099
2024-11-18 09:00:00,3121.51,3123.8,3102.0,3107.25,14853.6105,-0.0045683018795391606,0.007027724049000704
2024-11-18 10:00:00,3107.25,3123.46,3105.0,3115.45,13416.8643,0.002638989460133523,0.005945249597423522
2024-11-18 11:00:00,3115.45,3116.97,3050.01,3056.28,33956.3152,-0.018992440899388452,0.021954026380241236
2024-11-18 12:00:00,3056.29,3090.0,3053.86,3086.92,33466.3126,0.01002525946575572,0.011834203270614851
2024-11-18 13:00:00,3086.92,3089.2,3052.19,3067.6,35671.708,-0.006258665595480384,0.012125719565295661
2024-11-18 14:00:00,3067.6,3108.79,3058.82,3087.12,37867.2252,0.006363280740644184,0.016336365003498016
2024-11-18 15:00:00,3087.12,3157.5,3083.62,3143.41,43236.0753,0.01823382311021282,0.023958853555237063
2024-11-18 16:00:00,3143.41,3187.0,3134.62,3168.01,65668.9402,0.007825896081007588,0.016710159445164043
2024-11-18 17:00:00,3168.0,3189.0,3152.29,3174.92,30610.735,0.002181179983649084,0.011645502158748097
2024-11-18 18:00:00,3174.93,3199.0,3156.0,3164.18,38526.64,-0.0033827624003125445,0.013624841571609633
2024-11-18 19:00:00,3164.18,3168.36,3090.3,3127.17,47373.1548,-0.011696553293428225,0.025259683525871254
2024-11-18 20:00:00,3127.17,3189.13,3122.22,3155.21,44377.6127,0.008966573611284279,0.021430264363177583
2024-11-18 21:00:00,3155.2,3171.8,3144.0,3147.59,15237.6918,-0.0024150531977269463,0.008842239185750694
2024-11-18 22:00:00,3147.59,3163.8,3146.1,3149.11,12686.2038,0.0004829091463627311,0.0056260131591495096
2024-11-18 23:00:00,3149.12,3224.94,3140.1,3207.8,48579.9361,0.018637011727122843,0.02701824782650239
2024-11-19 00:00:00,3207.81,3221.2,3154.45,3156.01,41260.4978,-0.016145021510069246,0.021160582668928025
2024-11-19 01:00:00,3156.01,3164.01,3141.7,3143.4,24226.0946,-0.003995551344894377,0.007101250915109782
2024-11-19 02:00:00,3143.4,3160.34,3143.22,3157.14,9053.2413,0.0043710631799960264,0.005446643887478556
2024-11-19 03:00:00,3157.14,3159.33,3145.09,3148.5,10072.5785,-0.0027366540603204204,0.004527692371283423
2024-11-19 04:00:00,3148.5,3159.93,3120.5,3130.25,19840.5135,-0.005796410989360012,0.01263579554558559
2024-11-19 05:00:00,3130.24,3141.0,3114.99,3134.86,19072.4565,0.0014727258206213012,0.00834994654878514
2024-11-19 06:00:00,3134.85,3134.85,3116.14,3130.45,10911.5101,-0.001406761386473443,0.006004223173541637
2024-11-19 07:00:00,3130.45,3131.14,3107.37,3118.08,17246.1036,-0.003951508569055573,0.007649555733626824
2024-11-19 08:00:00,3118.09,3127.63,3104.25,3119.64,25308.866,0.0005003078817733542,0.007531609889667426
2024-11-19 09:00:00,3119.64,3127.33,3091.13,3110.63,17017.5412,-0.0028881537613313357,0.011710927718989437
2024-11-19 10:00:00,3110.63,3122.98,3101.76,3120.32,10120.5213,0.0031151245889096124,0.006841277210357925
2024-11-19 11:00:00,3120.33,3130.0,3111.66,3126.51,11498.8348,0.00198377089529278,0.005893960137033014
2024-11-19 12:00:00,3126.51,3150.0,3126.51,3132.21,18211.5471,0.0018231190688657861,0.007513169636431606
2024-11-19 13:00:00,3132.21,3135.28,3079.0,3082.19,34355.4823,-0.015969555042605665,0.018278661903215393
2024-11-19 14:00:00,3082.19,3119.5,3076.0,3096.78,37055.9616,0.004733647179440581,0.014141742522756826
2024-11-19 15:00:00,3096.77,3108.39,3087.25,3104.36,20583.3108,0.002447703743888807,0.00684751801765321
2024-11-19 16:00:00,3104.35,3116.5,3099.49,3110.16,15221.9486,0.001868340012112002,0.0054879996386503005
2024-11-19 17:00:00,3110.17,3129.65,3105.93,3117.45,16115.0543,0.0023439308588626417,0.007637004053536382
2024-11-19 18:00:00,3117.44,3143.0,3113.91,3140.69,33821.2631,0.00745481082294841,0.009341952721819239
2024-11-19 19:00:00,3140.7,3145.0,3118.0,3122.19,21729.5172,-0.005890425352390705,0.008659397049390635
2024-11-19 20:00:00,3122.2,3131.11,3085.0,3100.17,20976.5046,-0.00705274182544946,0.014946515397082699
2024-11-19 21:00:00,3100.17,3106.91,3068.0,3092.19,38041.0802,-0.0025740523906753188,0.012682529335071661
2024-11-19 22:00:00,3092.19,3099.51,3065.4,3092.67,14723.6717,0.00015522978859650038,0.011127422196124528
2024-11-19 23:00:00,3092.66,3114.87,3087.8,3107.44,13647.9187,0.004775808605509191,0.008766759505149203
2024-11-20 00:00:00,3107.45,3112.98,3090.39,3107.06,12522.741,-0.00012228715598694428,0.007309757020958567
2024-11-20 01:00:00,3107.06,3127.64,3093.63,3098.97,17052.3378,-0.002603747594188799,0.010993557729915912
2024-11-20 02:00:00,3098.98,3106.19,3084.0,3086.44,14913.1404,-0.004043278895891178,0.007195201037613507
2024-11-20 03:00:00,3086.44,3097.69,3071.6,3096.0,16755.9025,0.003097419680926805,0.008493944524026614
2024-11-20 04:00:00,3095.99,3102.0,3087.51,3098.0,7541.457,0.0006459948320414188,0.0046931022085757714
2024-11-20 05:00:00,3098.0,3115.01,3091.22,3108.5,11219.6911,0.003389283408650634,0.007695990579771229
2024-11-20 06:00:00,3108.51,3113.99,3101.57,3104.52,8701.1078,-0.0012803603023966437,0.004004423566129288
2024-11-20 07:00:00,3104.52,3115.0,3098.8,3109.54,14414.2312,0.0016169971525388238,0.0052278301277913445
2024-11-20 08:00:00,3109.54,3129.54,3105.52,3123.46,17730.0497,0.004476546370202783,0.0077346144929029545
2024-11-20 09:00:00,3123.45,3135.13,3116.0,3118.65,24824.9096,-0.001539958891741855,0.006139281129653437
2024-11-20 10:00:00,3118.66,3120.83,3108.11,3109.4,10307.5304,-0.0029660269667964867,0.004092519248031698
2024-11-20 11:00:00,3109.4,3110.16,3083.8,3099.82,17908.6028,-0.0030809802534250696,0.008547895453660961
2024-11-20 12:00:00,3099.82,3102.33,3081.56,3089.45,25871.4508,-0.0033453555367731758,0.006740092680330736
2024-11-20 13:00:00,3089.45,3114.26,3085.5,3113.26,23656.329,0.007706873391704061,0.009321017663263723
2024-11-20 14:00:00,3113.25,3159.2,3091.0,3114.48,61067.1575,0.0003918721854261342,0.02206405693950172
2024-11-20 15:00:00,3114.48,3130.79,3090.0,3130.0,36350.9134,0.004983175361537029,0.013200647249190926
2024-11-20 16:00:00,3130.0,3135.0,3075.02,3089.1,39337.8372,-0.013067092651757206,0.01950556419145242
2024-11-20 17:00:00,3089.07,3096.5,3063.81,3064.01,28162.5677,-0.008122106762487369,0.010669721686397021
2024-11-20 18:00:00,3064.01,3077.74,3037.05,3049.01,40546.4028,-0.004895545380073862,0.013397869643239194
2024-11-20 19:00:00,3049.0,3063.32,3029.41,3058.05,22121.3957,0.0029648968025686173,0.011193598753552775
2024-11-20 20:00:00,3058.04,3081.88,3044.38,3072.32,20044.6255,0.00466637236147216,0.012317778989482258
2024-11-20 21:00:00,3072.32,3083.05,3062.21,3078.16,12362.1334,0.001900843662118401,0.006805542402382641
2024-11-20 22:00:00,3078.15,3093.16,3066.33,3074.38,10537.2525,-0.0012280063414507048,0.008749873627430814
2024-11-20 23:00:00,3074.38,3079.68,3063.4,3069.97,9658.0668,-0.0014344355609912096,0.005314356597244808
2024-11-21 00:00:00,3069.97,3090.0,3065.2,3079.19,11708.0096,0.0030032866770686173,0.008090826047240044
2024-11-21 01:00:00,3079.2,3098.43,3076.4,3079.06,11550.9055,-4.22188952289293e-05,0.007160967364451874
2024-11-21 02:00:00,3079.07,3080.01,3032.59,3056.21,27526.9407,-0.00742109604879404,0.01563679890786426
2024-11-21 03:00:00,3056.21,3101.0,3053.67,3081.98,37569.6038,0.008432012198114736,0.01549938270998501
2024-11-21 04:00:00,3081.99,3139.4,3080.5,3130.67,53599.3311,0.015798285517751642,0.019120272683006034
2024-11-21 05:00:00,3130.67,3143.64,3092.65,3107.71,34959.6742,-0.007333893383844381,0.016487478376149833
2024-11-21 06:00:00,3107.71,3129.0,3099.5,3127.21,22711.4954,0.006274716752850074,0.009517664139377319
2024-11-21 07:00:00,3127.21,3141.14,3121.61,3137.02,20490.9523,0.0031369815266644174,0.006256386928539998
2024-11-21 08:00:00,3137.02,3148.11,3128.0,3141.19,25307.485,0.0013292870303664994,0.006429028132992368
2024-11-21 09:00:00,3141.19,3144.34,3122.4,3125.99,20396.2099,-0.00483893046902617,0.007026646169613135
2024-11-21 10:00:00,3125.98,3139.13,3118.37,3131.7,16245.2878,0.0018266213263637976,0.00665732417897819
2024-11-21 11:00:00,3131.7,3155.0,3129.18,3147.75,30490.13,0.005125011974327132,0.008251362976882176
2024-11-21 12:00:00,3147.74,3317.85,3146.2,3284.99,179740.4868,0.04359939639424981,0.05455787934651329
2024-11-21 13:00:00,3284.99,3366.94,3284.38,3348.0,98001.2227,0.01918118472202357,0.025137164396324404
2024-11-21 14:00:00,3348.0,3372.6,3307.81,3345.5,77582.9823,-0.0007467144563918504,0.019586977486615
2024-11-21 15:00:00,3345.49,3346.28,3236.88,3277.03,90929.2832,-0.02046629801225519,0.03379797830009147
2024-11-21 16:00:00,3277.03,3340.82,3277.03,3331.48,40817.5219,0.016615655029096343,0.01946579677329776
2024-11-21 17:00:00,3331.47,3350.0,3313.05,3349.27,24337.7757,0.005339969022776669,0.01115286518464853
2024-11-21 18:00:00,3349.27,3383.58,3338.91,3379.22,40354.203,0.008942247116535684,0.013378617572800728
2024-11-21 19:00:00,3379.22,3386.73,3337.01,3347.0,39189.219,-0.00953474470439919,0.014899565778945762
2024-11-21 20:00:00,3347.0,3367.58,3333.54,3347.96,22105.5789,0.0002868240215119222,0.010211366895252483
2024-11-21 21:00:00,3347.96,3355.96,3334.2,3345.13,15057.3191,-0.000845290863690118,0.006526303161178159
2024-11-21 22:00:00,3345.13,3378.68,3344.01,3371.34,17009.4074,0.007835270976015885,0.010367791962344495
2024-11-21 23:00:00,3371.33,3376.2,3354.81,3355.81,17242.2782,-0.0046064769498181946,0.006375919947776438
2024-11-22 00:00:00,3355.88,3372.56,3309.47,3316.1,26507.7822,-0.0118332086739118,0.019063475420535658
2024-11-22 01:00:00,3316.09,3330.41,3304.39,3321.5,18054.234,0.001628418925846642,0.007874373182342272
2024-11-22 02:00:00,3321.49,3343.72,3320.0,3331.01,20471.4336,0.0028631642330272378,0.007144578313252952
2024-11-22 03:00:00,3331.0,3380.68,3321.0,3365.8,27973.0969,0.010444279662924938,0.017970490816019223
2024-11-22 04:00:00,3365.8,3425.92,3357.44,3390.01,44626.4088,0.007192940757026589,0.020396492565764396
2024-11-22 05:00:00,3390.0,3394.98,3369.4,3376.14,22925.0339,-0.0040914333586037355,0.007591856116816028
2024-11-22 06:00:00,3376.15,3384.42,3355.0,3371.77,19019.827,-0.0012943776028244702,0.008769001490312987
2024-11-22 07:00:00,3371.77,3386.87,3358.29,3362.66,20666.6954,-0.0027018450250165804,0.008510283507380223
2024-11-22 08:00:00,3362.65,3381.2,3360.01,3372.01,18990.8137,0.002780536836908931,0.006306528849616399
2024-11-22 09:00:00,3372.01,3383.84,3350.01,3364.31,19219.573,-0.0022835044973177343,0.010098477317978133
2024-11-22 10:00:00,3364.31,3369.84,3319.54,3322.62,30734.5027,-0.012391842606656378,0.015152701880381071
2024-11-22 11:00:00,3322.63,3347.0,3311.68,3344.75,22269.5648,0.006660406546640907,0.010665281669726594
2024-11-22 12:00:00,3344.76,3357.18,3329.14,3348.43,19200.852,0.0011002317064054967,0.008422595625296613
2024-11-22 13:00:00,3348.43,3348.59,3257.54,3293.21,83686.6854,-0.016491310853146035,0.027950539364060053
2024-11-22 14:00:00,3293.22,3311.2,3280.32,3288.0,36803.993,-0.0015820430522195394,0.009413715735050133
2024-11-22 15:00:00,3287.99,3323.67,3282.67,3314.15,34906.2183,0.00795316301703175,0.012489832971331263
2024-11-22 16:00:00,3314.15,3316.73,3290.07,3308.41,24710.5269,-0.0017319674728060175,0.008103171057150716
2024-11-22 17:00:00,3308.4,3321.14,3293.21,3296.48,19047.741,-0.00360596177620065,0.008481086842320969
2024-11-22 18:00:00,3296.48,3307.4,3266.66,3280.01,17723.6531,-0.004996238411881682,0.012471454023375631
2024-11-22 19:00:00,3280.0,3297.38,3264.84,3282.4,19764.6886,0.0007286563150721292,0.009966797760380283
2024-11-22 20:00:00,3282.39,3297.26,3273.2,3291.31,13140.2523,0.0027144772117961846,0.007350604912623855
2024-11-22 21:00:00,3291.31,3319.67,3279.39,3316.47,13923.0339,0.007644372605436711,0.012282772100909072
2024-11-22 22:00:00,3316.51,3319.45,3300.85,3308.14,14736.0182,-0.00251170672431833,0.005634912219579778
2024-11-22 23:00:00,3308.14,3330.0,3307.01,3327.78,14171.0806,0.005936870870035804,0.006951899147568281
2024-11-23 00:00:00,3327.78,3364.98,3317.0,3341.81,30155.5223,0.004216023895810439,0.014464877901718427
2024-11-23 01:00:00,3341.81,3358.03,3321.63,3343.2,42729.6519,0.0004159422588356776,0.010958475206449872
2024-11-23 02:00:00,3343.19,3347.8,3312.72,3325.79,19549.2114,-0.005207585546781468,0.01058948537757504
2024-11-23 03:00:00,3325.79,3345.52,3320.09,3345.51,12831.365,0.0059294182735532,0.0076594309190413015
2024-11-23 04:00:00,3345.51,3356.06,3326.89,3353.87,25242.0246,0.0024988716219649376,0.008767948444342937
2024-11-23 05:00:00,3353.86,3361.71,3329.1,3348.75,15417.865,-0.0015265946503590921,0.009795440209065552
2024-11-23 06:00:00,3348.75,3351.8,3341.7,3343.72,11618.1029,-0.0015020530048526215,0.003022413741508922
2024-11-23 07:00:00,3343.71,3351.45,3335.2,3341.34,15167.3434,-0.0007117820870167213,0.0048722715279443515
2024-11-23 08:00:00,3341.34,3402.98,3335.16,3369.27,55944.1373,0.008358921869668912,0.020334856498638795
2024-11-23 09:00:00,3369.28,3373.82,3342.63,3359.87,19664.5283,-0.002789921852508148,0.009330975908192068
2024-11-23 10:00:00,3359.87,3367.4,3342.6,3348.27,18185.3677,-0.0034525145318121675,0.007419374139891157
2024-11-23 11:00:00,3348.26,3363.89,3347.0,3354.65,11484.9866,0.0019054616264519986,0.005046310128473222
2024-11-23 12:00:00,3354.65,3428.0,3349.68,3399.82,56873.1526,0.013464892015560448,0.02338133791884603
2024-11-23 13:00:00,3399.82,3444.47,3392.01,3435.03,55172.6575,0.01035643063456293,0.01546575629199194
2024-11-23 14:00:00,3435.02,3497.51,3426.29,3472.2,77400.4418,0.010820866193308243,0.020786331571466587
2024-11-23 15:00:00,3472.19,3480.42,3444.53,3460.33,40079.1527,-0.0034185818789239653,0.01041941861444083
2024-11-23 16:00:00,3460.34,3470.22,3377.0,3413.14,83239.0688,-0.013637427644184297,0.027604382588095885
2024-11-23 17:00:00,3413.13,3435.19,3389.44,3424.67,37633.4777,0.0033781210263863493,0.01349780494712991
2024-11-23 18:00:00,3424.67,3431.11,3401.01,3424.18,16507.87,-0.00014307947919078856,0.008850312113166356
2024-11-23 19:00:00,3424.18,3433.0,3400.77,3407.83,12756.469,-0.004774865807288142,0.00947726544282619
2024-11-23 20:00:00,3407.82,3408.73,3379.2,3405.1,21240.0642,-0.0008010962988177495,0.008738754734848544
2024-11-23 21:00:00,3405.11,3427.73,3401.78,3417.24,15728.263,0.0035652403747319372,0.007628359270734679
2024-11-23 22:00:00,3417.24,3423.48,3393.0,3405.87,14222.6376,-0.0033272465498471737,0.008983200707338644
2024-11-23 23:00:00,3405.85,3406.96,3382.0,3393.91,12180.6396,-0.0035115844116188066,0.007380248373743358
2024-11-24 00:00:00,3393.91,3425.9,3389.03,3417.5,16380.3334,0.006950685197898654,0.01087921912759695
2024-11-24 01:00:00,3417.49,3436.62,3414.99,3433.38,19682.1357,0.004646671543526049,0.006333839923396587
2024-11-24 02:00:00,3433.38,3450.0,3428.68,3430.39,15560.8673,-0.0008708619494492975,0.006218136425679902
2024-11-24 03:00:00,3430.39,3432.6,3418.15,3427.0,11318.5956,-0.0009882258285500711,0.00422743296812598
2024-11-24 04:00:00,3427.0,3431.99,3399.69,3413.45,15349.3518,-0.0039538955354537775,0.009500866255452623
2024-11-24 05:00:00,3413.45,3421.22,3398.12,3413.61,14343.7254,4.687339788200795e-05,0.006797876472873209
2024-11-24 06:00:00,3413.6,3430.0,3401.17,3423.0,10659.1772,0.002750753601026501,0.008476494853241657
2024-11-24 07:00:00,3423.01,3427.25,3409.46,3422.51,9796.4219,-0.0001431492842535187,0.005217835082388403
2024-11-24 08:00:00,3422.51,3428.35,3388.7,3394.0,20034.8766,-0.00833014366649043,0.011700652167497888
2024-11-24 09:00:00,3394.0,3405.9,3388.01,3403.09,12710.0708,0.0026782557454332334,0.005280385831210614
2024-11-24 10:00:00,3403.09,3403.91,3360.01,3374.54,20443.3577,-0.008389434308231691,0.013065437305246006
2024-11-24 11:00:00,3374.54,3379.6,3339.11,3344.22,46582.037,-0.008984928316155716,0.012125985666839301
2024-11-24 12:00:00,3344.22,3357.32,3281.4,3315.0,59235.8848,-0.008737463444390525,0.023136466142500173
2024-11-24 13:00:00,3314.99,3340.07,3305.0,3325.0,27591.4783,0.003016591251885359,0.010611195158850277
2024-11-24 14:00:00,3325.01,3332.73,3284.32,3325.99,35051.1827,0.0002977443609022412,0.014739733034539829
2024-11-24 15:00:00,3325.99,3327.75,3291.85,3294.39,25658.5876,-0.009500930550001674,0.010905721706639152
2024-11-24 16:00:00,3294.39,3333.07,3287.19,3318.48,24455.5367,0.007312431132926012,0.01395720965322969
2024-11-24 17:00:00,3318.48,3319.65,3298.0,3309.61,14067.0571,-0.002672910489139535,0.006564584596725316
2024-11-24 18:00:00,3309.6,3334.19,3307.07,3326.59,13181.5979,0.005130513867192876,0.008200612626887212
2024-11-24 19:00:00,3326.59,3329.25,3309.99,3326.63,11508.3886,1.2024325209969433e-05,0.0058187486971260395
2024-11-24 20:00:00,3326.64,3343.82,3321.51,3341.59,12351.2148,0.004497043554588354,0.0067168245767737994
2024-11-24 21:00:00,3341.59,3346.73,3331.68,3345.01,8402.7462,0.0010234648774984922,0.004517240551313507
2024-11-24 22:00:00,3345.01,3363.38,3337.4,3358.83,14461.9997,0.004131527260008205,0.007784502906454131
2024-11-24 23:00:00,3358.83,3372.22,3351.38,3361.2,20271.4673,0.0007056028438474637,0.006218333940048485
2024-11-25 00:00:00,3361.21,3365.68,3334.99,3348.82,20176.9968,-0.003683208377960101,0.009202426394082159
2024-11-25 01:00:00,3348.81,3353.78,3300.01,3328.55,23365.2303,-0.0060528783272914,0.016293890018515087
2024-11-25 02:00:00,3328.56,3350.11,3327.95,3338.16,10740.1496,0.002887143050277041,0.006658753887528452
2024-11-25 03:00:00,3338.16,3370.4,3338.16,3362.44,11882.7511,0.007273468018309526,0.009658015193999161
2024-11-25 04:00:00,3362.44,3387.66,3361.21,3365.79,18172.7731,0.00099630030573028,0.007869189964328269
2024-11-25 05:00:00,3365.79,3391.79,3365.61,3381.72,12677.6894,0.004732915600794918,0.007778679050751524
2024-11-25 06:00:00,3381.72,3390.39,3375.0,3380.39,9950.5677,-0.0003932909880178803,0.0045599999999999625
2024-11-25 07:00:00,3380.4,3419.81,3368.58,3399.41,22415.5538,0.0056265697153286,0.015208188613599802
2024-11-25 08:00:00,3399.4,3414.4,3396.6,3413.0,15521.016,0.003997752551178069,0.005240534652299412
2024-11-25 09:00:00,3413.0,3483.88,3410.3,3477.56,53171.4017,0.01891590975681212,0.021575814444477003
2024-11-25 10:00:00,3477.55,3527.0,3460.02,3500.78,61354.1293,0.0066770954347301625,0.01935826960537801
2024-11-25 11:00:00,3500.77,3507.33,3453.02,3471.84,39714.7774,-0.008266729128937,0.015728261058435788
2024-11-25 12:00:00,3471.84,3499.72,3470.0,3482.0,24775.0569,0.0029264021383472727,0.00856484149855902
2024-11-25 13:00:00,3482.0,3495.02,3448.59,3476.38,40281.0716,-0.001614014933945973,0.013463473477566146
2024-11-25 14:00:00,3476.38,3521.5,3403.66,3407.74,90543.1626,-0.01974467693405213,0.0346215544443335
2024-11-25 15:00:00,3407.75,3537.98,3348.72,3518.41,134055.2385,0.032476069183681844,0.056517116987983534
2024-11-25 16:00:00,3518.41,3546.66,3460.0,3483.8,86641.2093,-0.009836829704326533,0.02504624277456643
2024-11-25 17:00:00,3483.81,3485.44,3423.47,3462.18,49844.4154,-0.006205867156553246,0.018101516881994077
2024-11-25 18:00:00,3462.18,3481.47,3437.6,3447.73,26094.7548,-0.004173670924099815,0.01276181056551079
2024-11-25 19:00:00,3447.74,3485.0,3429.26,3464.0,28170.6467,0.004719047025144141,0.01625423560768206
2024-11-25 20:00:00,3464.01,3503.0,3456.82,3501.8,27823.1558,0.010912240184757449,0.013359098824931536
2024-11-25 21:00:00,3501.79,3505.45,3415.67,3439.37,35356.4172,-0.017827974184705053,0.026284740621898412
2024-11-25 22:00:00,3439.36,3455.0,3363.62,3451.15,73057.5054,0.003425045865958154,0.02716715919158529
2024-11-25 23:00:00,3451.16,3471.42,3409.09,3414.49,33544.6996,-0.010622546107819208,0.018283471542259056
2024-11-26 00:00:00,3414.49,3451.91,3395.84,3425.5,38917.0842,0.0032244932625371536,0.01651137862796825
2024-11-26 01:00:00,3425.51,3462.49,3422.61,3447.85,22984.2653,0.006524594949642415,0.011651926453788089
2024-11-26 02:00:00,3447.84,3455.61,3437.03,3444.99,12362.7843,-0.0008295024435518439,0.0054058300334881935
2024-11-26 03:00:00,3444.99,3447.57,3421.23,3434.61,24789.3303,-0.003013071155503977,0.0076989854526004235
2024-11-26 04:00:00,3434.62,3439.35,3415.43,3420.61,23527.7406,-0.004076154206736682,0.0070035105389365535
2024-11-26 05:00:00,3420.61,3432.38,3410.0,3432.14,12714.4335,0.003370743814699706,0.006563049853372466
2024-11-26 06:00:00,3432.14,3442.72,3417.58,3423.77,12362.3662,-0.0024387117075643783,0.007356082374077527
2024-11-26 07:00:00,3423.76,3423.77,3382.35,3394.8,24016.9566,-0.008461432864941165,0.01224592369210758
2024-11-26 08:00:00,3394.8,3397.33,3350.99,3373.21,44889.0582,-0.0063597266407446895,0.013828749115932949
2024-11-26 09:00:00,3373.21,3390.74,3342.75,3356.81,27596.1541,-0.0048618378339919666,0.014356443048388238
2024-11-26 10:00:00,3356.81,3367.98,3314.1,3317.4,33970.6681,-0.011740312975711986,0.016257807549561
2024-11-26 11:00:00,3317.41,3331.32,3280.1,3323.01,53314.1369,0.0016910833785495072,0.01561537757995191
2024-11-26 12:00:00,3323.02,3339.6,3299.85,3312.0,29698.0859,-0.003313261169843096,0.012046002091004137
2024-11-26 13:00:00,3312.01,3335.49,3302.18,3311.5,22941.6587,-0.00015096618357490765,0.010087275678491162
2024-11-26 14:00:00,3311.51,3362.5,3290.35,3345.96,45743.8152,0.010406160350294513,0.02192775844515024
2024-11-26 15:00:00,3345.96,3354.4,3296.12,3296.32,33129.491,-0.014835801982091779,0.01768139509483884
2024-11-26 16:00:00,3296.33,3338.0,3291.49,3335.4,30007.076,0.011855645083001631,0.014130378643106989
2024-11-26 17:00:00,3335.4,3336.01,3308.28,3326.57,31639.1803,-0.002647358637644648,0.008381999105275253
2024-11-26 18:00:00,3326.57,3331.82,3252.0,3282.31,46887.0904,-0.013304995836552425,0.02454489544895454
2024-11-26 19:00:00,3282.31,3300.8,3263.94,3300.61,30796.5942,0.005575341756263175,0.0112930997506082
2024-11-26 20:00:00,3300.61,3333.48,3286.89,3324.19,30851.4159,0.007144133963115973,0.01417449321395001
2024-11-26 21:00:00,3324.18,3331.79,3302.8,3323.52,17931.0133,-0.00020155285949363666,0.0087774009930967
2024-11-26 22:00:00,3323.53,3344.31,3319.5,3325.39,12970.8608,0.0005626564606200368,0.007474017171260716
2024-11-26 23:00:00,3325.4,3333.17,3315.2,3324.73,8325.8903,-0.0001984729610662317,0.005420487451737529
2024-11-27 00:00:00,3324.74,3345.73,3305.75,3309.35,15812.8528,-0.004625939549978475,0.012094078499584063
2024-11-27 01:00:00,3309.34,3346.6,3302.4,3341.77,16036.9579,0.009796485714717473,0.013384205426356533
2024-11-27 02:00:00,3341.78,3366.61,3318.49,3364.77,30995.2311,0.006882580189540244,0.014500571042853933
2024-11-27 03:00:00,3364.77,3372.5,3350.0,3361.03,23257.9507,-0.0011115172805272744,0.006716417910447761
2024-11-27 04:00:00,3361.02,3436.05,3359.32,3400.64,53884.1928,0.011785077788653897,0.02284093209339986
2024-11-27 05:00:00,3400.65,3414.29,3385.0,3399.6,17212.0223,-0.00030582478592267037,0.00865288035450516
2024-11-27 06:00:00,3399.59,3445.73,3398.5,3426.92,37545.0967,0.008036239557595026,0.013897307635721647
2024-11-27 07:00:00,3426.93,3437.2,3418.15,3424.11,15470.6086,-0.0008199782895428331,0.005573190175972303
2024-11-27 08:00:00,3424.12,3438.44,3412.57,3421.98,22478.7669,-0.0006220594548657088,0.007580796877426658
2024-11-27 09:00:00,3421.98,3423.5,3402.43,3412.6,13022.2038,-0.002741103104050957,0.006192632912359744
2024-11-27 10:00:00,3412.61,3485.5,3411.43,3455.49,44642.6321,0.012568129871652012,0.02171230246553503
2024-11-27 11:00:00,3455.5,3467.35,3434.83,3460.43,17537.1559,0.0014296091147709689,0.009467717470733626
2024-11-27 12:00:00,3460.43,3484.0,3441.31,3478.0,23035.9114,0.005077403675265879,0.012405159663035313
2024-11-27 13:00:00,3478.0,3505.0,3472.05,3504.99,33588.1829,0.007760207015526044,0.009490070707507039
2024-11-27 14:00:00,3504.99,3528.8,3468.11,3520.5,69082.9613,0.00442511961517722,0.017499444942634477
2024-11-27 15:00:00,3520.51,3573.17,3517.6,3552.79,66339.3705,0.009171992614685376,0.015797702979304117
2024-11-27 16:00:00,3552.79,3574.89,3539.42,3557.89,41744.5587,0.0014354915432659432,0.010021415938204508
2024-11-27 17:00:00,3557.89,3570.42,3533.83,3560.77,24840.4095,0.0008094685333162044,0.010354204927797926
2024-11-27 18:00:00,3560.77,3593.73,3553.6,3586.19,27130.0224,0.007138905349123981,0.011292773525439023
2024-11-27 19:00:00,3586.19,3611.8,3573.31,3589.6,36537.9685,0.0009508698646751856,0.010771525560334881
2024-11-27 20:00:00,3589.6,3630.0,3588.0,3623.99,33938.9897,0.009580454646757275,0.011705685618729096
2024-11-27 21:00:00,3624.0,3645.94,3613.63,3632.79,30189.2508,0.002428262771144496,0.008941147820889228
2024-11-27 22:00:00,3632.79,3674.97,3632.4,3665.9,32518.0794,0.00911420698691634,0.011719524281466718
2024-11-27 23:00:00,3665.9,3684.92,3650.79,3653.28,27732.2718,-0.0034425379852150995,0.009348661522574596
2024-11-28 00:00:00,3653.27,3661.92,3634.5,3642.54,33071.8655,-0.0029398239390356906,0.007544366487825031
2024-11-28 01:00:00,3642.54,3646.75,3615.0,3638.73,19679.6626,-0.0010459734141560206,0.008782849239280775
2024-11-28 02:00:00,3638.73,3644.13,3616.67,3621.49,14065.977,-0.004737916800642061,0.007592619730304406
2024-11-28 03:00:00,3621.49,3627.8,3564.75,3598.8,35961.0745,-0.0062653769581028085,0.017687074829932023
2024-11-28 04:00:00,3598.81,3613.98,3580.0,3604.0,34138.9206,0.001444926086473286,0.009491620111731849
2024-11-28 05:00:00,3604.0,3618.4,3585.09,3588.95,15359.5798,-0.004175915649278661,0.009291259075783298
2024-11-28 06:00:00,3588.96,3603.82,3566.91,3594.81,17171.0135,0.0016327895345435994,0.010347892153152256
2024-11-28 07:00:00,3594.8,3612.13,3583.62,3592.4,14883.6167,-0.0006704109535691227,0.007955642618358034
2024-11-28 08:00:00,3592.4,3638.39,3574.23,3629.14,39565.2573,0.01022714619752807,0.01795071945565894
2024-11-28 09:00:00,3629.14,3630.5,3598.35,3598.36,18227.9603,-0.008481348198195682,0.008934650603748966
2024-11-28 10:00:00,3598.36,3622.99,3577.91,3603.26,17953.0031,0.0013617314554408289,0.012599534365034316
2024-11-28 11:00:00,3603.27,3636.36,3590.0,3620.51,17663.2522,0.0047873314720559,0.012913649025069673
2024-11-28 12:00:00,3620.51,3642.19,3606.88,3622.38,21606.1538,0.0005165018188044712,0.009789624273610418
2024-11-28 13:00:00,3622.37,3622.92,3580.83,3588.12,24324.7015,-0.009457870240007993,0.01175425809100129
2024-11-28 14:00:00,3588.13,3607.79,3548.01,3567.17,47236.3011,-0.005838712194686901,0.016848881485677814
2024-11-28 15:00:00,3567.18,3577.01,3536.95,3541.78,53596.0764,-0.007117687130133943,0.011326142580471989
2024-11-28 16:00:00,3541.78,3559.18,3529.76,3541.08,31650.0767,-0.00019764073432015916,0.008334844295362749
2024-11-28 17:00:00,3541.08,3563.46,3540.42,3552.99,18107.0802,0.003363380663526261,0.006507702475977416
2024-11-28 18:00:00,3552.99,3582.69,3552.79,3578.39,17051.304,0.00714890838420601,0.008415921008559497
2024-11-28 19:00:00,3578.39,3584.87,3564.19,3575.05,9762.1012,-0.000933380654428273,0.0058021598175180995
2024-11-28 20:00:00,3575.05,3575.24,3547.86,3556.52,10684.6751,-0.005183144291688313,0.007717328192205908
2024-11-28 21:00:00,3556.53,3578.2,3556.53,3571.77,9682.3506,0.004287899407285689,0.006093017632355025
2024-11-28 22:00:00,3571.78,3599.2,3567.22,3592.62,13379.3495,0.00583744194055047,0.008964964313947561
2024-11-28 23:00:00,3592.62,3597.32,3574.86,3578.79,26155.0718,-0.003849558261101893,0.006282763520809216
2024-11-29 00:00:00,3578.8,3584.93,3552.0,3558.11,21412.8296,-0.005778489377694651,0.009270833333333287
2024-11-29 01:00:00,3558.11,3570.14,3550.07,3565.15,11089.2736,0.001978578514998164,0.005653409651077221
2024-11-29 02:00:00,3565.15,3600.0,3564.0,3599.98,20425.0602,0.009769574912696477,0.010101010101010102
2024-11-29 03:00:00,3599.98,3602.85,3578.98,3583.82,12105.9804,-0.00448891382729899,0.0066694980134004355
2024-11-29 04:00:00,3583.82,3588.44,3563.16,3578.75,10544.3146,-0.0014146915860729914,0.007094825941018703
2024-11-29 05:00:00,3578.75,3595.7,3575.59,3578.03,12976.3996,-0.00020118756549070138,0.005624246627829161
2024-11-29 06:00:00,3578.03,3586.5,3558.0,3561.45,19160.3398,-0.004633834819719351,0.008010118043844857
2024-11-29 07:00:00,3561.46,3566.64,3534.28,3544.49,33343.4365,-0.0047621053222703935,0.009156037439025677
2024-11-29 08:00:00,3544.5,3569.99,3544.49,3568.88,12436.1602,0.006881102782064552,0.007194264901297508
2024-11-29 09:00:00,3568.88,3579.0,3560.5,3568.35,9835.854,-0.00014850597386295572,0.005195899452324112
2024-11-29 10:00:00,3568.35,3584.88,3562.05,3584.88,15952.2749,0.004632393122872003,0.0064092306396597255
2024-11-29 11:00:00,3584.87,3599.66,3572.8,3594.74,17276.2677,0.002750440739996751,0.007517913121361305
2024-11-29 12:00:00,3594.75,3600.69,3574.0,3586.39,19940.0263,-0.002322838369395286,0.0074678231673195455
2024-11-29 13:00:00,3586.38,3616.99,3584.34,3610.61,25195.9134,0.006753309037778932,0.009109068894133826
2024-11-29 14:00:00,3610.6,3636.36,3595.99,3633.6,23950.5357,0.0063673451300472195,0.011226393844254392
2024-11-29 15:00:00,3633.6,3647.98,3602.0,3613.95,45021.6581,-0.005407859973579954,0.01276513048306497
2024-11-29 16:00:00,3613.95,3620.08,3585.0,3596.61,26607.8747,-0.004798074129415131,0.009785216178521598
2024-11-29 17:00:00,3596.61,3601.8,3578.48,3582.99,20399.0903,-0.0037868993302027087,0.0065167333616508024
2024-11-29 18:00:00,3582.99,3593.34,3570.0,3573.79,16826.587,-0.002567687880792202,0.006537815126050461
2024-11-29 19:00:00,3573.78,3585.0,3559.24,3582.79,12661.0697,0.002518334876979278,0.00723750014047949
2024-11-29 20:00:00,3582.78,3603.08,3577.16,3592.86,9915.0931,0.002810658732440352,0.007245971664672554
2024-11-29 21:00:00,3592.87,3594.62,3575.56,3591.34,9874.9416,-0.00042306129378821833,0.005330633523140416
2024-11-29 22:00:00,3591.34,3604.0,3584.83,3595.97,6982.6002,0.0012892123831216296,0.005347533913742095
2024-11-29 23:00:00,3595.96,3599.0,3588.12,3592.21,11559.6637,-0.0010456149522937164,0.0030322285765247846
2024-11-30 00:00:00,3592.22,3609.99,3578.0,3590.0,14481.1797,-0.0006152201569507021,0.008940749021799827
2024-11-30 01:00:00,3590.0,3623.26,3568.4,3599.83,21475.4213,0.0027381615598884856,0.015373837013787727
2024-11-30 02:00:00,3599.83,3647.4,3593.81,3624.72,28509.5312,0.006914215393504675,0.014911751038591397
2024-11-30 03:00:00,3624.72,3661.0,3617.84,3657.12,27713.202,0.008938621465933938,0.011929770249651686
2024-11-30 04:00:00,3657.12,3668.64,3635.42,3651.78,21470.2794,-0.001460165376033551,0.009137871277596481
2024-11-30 05:00:00,3651.78,3694.08,3639.87,3693.69,28432.3283,0.011476594975600829,0.014893389049608925
2024-11-30 06:00:00,3693.7,3726.71,3685.8,3696.19,56692.766,0.0006768299451225257,0.011099354278582628
2024-11-30 07:00:00,3696.19,3716.59,3686.76,3703.07,22231.4817,0.001861376173843965,0.008091115233972357
2024-11-30 08:00:00,3703.06,3718.0,3690.72,3693.62,19946.4935,-0.002551936636358554,0.007391511683357232
2024-11-30 09:00:00,3693.62,3696.4,3679.01,3692.0,14093.2749,-0.0004385941163411733,0.004726815094278045
2024-11-30 10:00:00,3692.0,3692.55,3636.87,3641.79,25967.5454,-0.013599674972914366,0.015309868100867034
2024-11-30 11:00:00,3641.79,3663.26,3631.23,3653.69,16956.7026,0.0032676238882527464,0.008820702626933628
2024-11-30 12:00:00,3653.68,3681.81,3652.63,3681.6,14350.0064,0.007638852776234328,0.00798876426027269
2024-11-30 13:00:00,3681.59,3682.46,3666.1,3667.83,26126.5385,-0.0037402216427639967,0.00446250784212109
2024-11-30 14:00:00,3667.84,3684.18,3651.63,3655.79,17532.2504,-0.003282594885804402,0.008913827523598976
2024-11-30 15:00:00,3655.8,3685.33,3651.38,3674.0,19201.0562,0.004981139507466148,0.009297854509801723
2024-11-30 16:00:00,3674.0,3682.58,3656.23,3675.41,28087.8167,0.0003837778987478835,0.007206877029070903
2024-11-30 17:00:00,3675.4,3687.49,3665.79,3677.0,10681.1865,0.00043260479783202577,0.005919597140043434
2024-11-30 18:00:00,3677.0,3678.99,3663.64,3670.98,10608.8182,-0.0016372042425890632,0.0041898221440971025
2024-11-30 19:00:00,3670.99,3696.78,3666.1,3689.56,12116.4817,0.00506131877591276,0.00836856605111707
2024-11-30 20:00:00,3689.56,3712.85,3686.58,3712.02,12325.8133,0.006087446741616986,0.007125845634707502
2024-11-30 21:00:00,3712.03,3734.95,3695.0,3720.2,19398.6311,0.002203651919978844,0.010811907983761792
2024-11-30 22:00:00,3720.21,3727.01,3701.15,3708.75,19022.3279,-0.003077791516585049,0.006987017548599794
2024-11-30 23:00:00,3708.75,3738.98,3701.64,3703.6,16263.6156,-0.001388608021570592,0.010087420710820109
2024-12-01 00:00:00,3703.59,3727.42,3687.72,3688.54,22205.3595,-0.0040663138567880175,0.010765459416658607
2024-12-01 01:00:00,3688.55,3732.34,3675.03,3709.59,28933.7269,0.005706865046875009,0.01559443052165559
2024-12-01 02:00:00,3709.59,3713.53,3659.2,3664.01,27340.4985,-0.012287072156222045,0.014847507651945886
2024-12-01 03:00:00,3664.02,3712.55,3663.5,3707.0,14300.0108,0.011733046580113093,0.013388835812747423
2024-12-01 04:00:00,3707.0,3707.63,3688.2,3702.21,11741.5138,-0.001292149986511948,0.005268152486307763
2024-12-01 05:00:00,3702.2,3702.21,3682.01,3683.26,11450.6999,-0.005118564316988983,0.005486133932281503
2024-12-01 06:00:00,3683.26,3705.67,3682.0,3699.86,7675.9117,0.00450687705999564,0.006428571428571448
2024-12-01 07:00:00,3699.87,3716.96,3693.7,3702.31,9683.3944,0.000662187217894683,0.006297208760863151
2024-12-01 08:00:00,3702.32,3717.0,3698.71,3707.62,16578.5791,0.0014342397044007082,0.004944967299409784
2024-12-01 09:00:00,3707.61,3710.83,3690.78,3700.7,11053.4555,-0.00186642644068169,0.005432456012008227
2024-12-01 10:00:00,3700.7,3701.05,3675.47,3682.25,12197.5358,-0.004985543275596416,0.006959654139470702
2024-12-01 11:00:00,3682.25,3698.67,3677.59,3692.42,21628.7035,0.0027618982958788063,0.005732014716159204
2024-12-01 12:00:00,3692.43,3695.2,3680.27,3682.62,13078.7755,-0.002654085938219475,0.004056767574118159
2024-12-01 13:00:00,3682.62,3714.74,3678.61,3701.21,22214.9356,0.0050480364523084464,0.00982164458858092
2024-12-01 14:00:00,3701.2,3713.0,3693.43,3706.01,26181.9711,0.0012968731847153858,0.005298597780383049
2024-12-01 15:00:00,3706.01,3746.8,3701.2,3728.59,38241.5685,0.006092806009697638,0.012320328542094555
2024-12-01 16:00:00,3728.59,3744.11,3723.0,3725.43,18785.6844,-0.0008475053572530866,0.005670158474348678
2024-12-01 17:00:00,3725.43,3729.75,3705.88,3723.5,17406.5713,-0.0005180610023540755,0.006441115200708034
2024-12-01 18:00:00,3723.5,3731.47,3708.21,3711.81,14201.1527,-0.0031395192695045093,0.006272568166311984
2024-12-01 19:00:00,3711.81,3718.2,3693.02,3707.96,15829.0991,-0.0010372298151036796,0.006818267975802957
2024-12-01 20:00:00,3707.95,3710.0,3679.0,3690.43,20029.167,-0.004727666965123722,0.008426202772492526
2024-12-01 21:00:00,3690.43,3706.27,3686.66,3706.26,13438.3955,0.0042894730424369865,0.00531917779236494
2024-12-01 22:00:00,3706.27,3734.26,3702.0,3721.21,21544.6142,0.004033715929265602,0.008714208535926585
2024-12-01 23:00:00,3721.2,3728.5,3703.0,3707.61,13347.939,-0.003654725210348264,0.0068863083985957335
2024-12-02 00:00:00,3707.61,3719.35,3692.84,3701.84,20077.6802,-0.0015562586140397405,0.0071787567292381374
2024-12-02 01:00:00,3701.84,3739.0,3697.6,3732.47,28286.4734,0.008274263609448163,0.011196451752488125
2024-12-02 02:00:00,3732.48,3740.9,3703.61,3740.51,19391.9158,0.0021540695571566904,0.01006855473443477
2024-12-02 03:00:00,3740.5,3760.0,3674.6,3685.01,46864.5791,-0.014837548890391905,0.023240624829913487
2024-12-02 04:00:00,3685.0,3695.99,3650.0,3691.12,44882.9764,0.0016580687705052277,0.01259999999999994
2024-12-02 05:00:00,3691.12,3709.59,3672.4,3676.82,34169.9938,-0.0038741628557185104,0.010126892495370889
2024-12-02 06:00:00,3676.82,3684.0,3655.0,3680.61,20122.2233,0.0010307820344754859,0.007934336525307797
2024-12-02 07:00:00,3680.61,3686.29,3651.88,3666.88,22600.2446,-0.0037303599131666143,0.009422544004731769
2024-12-02 08:00:00,3666.88,3672.47,3586.5,3602.51,108271.5513,-0.017554433196613983,0.023970444723267755
2024-12-02 09:00:00,3602.5,3622.16,3594.28,3621.2,33642.6989,0.005188049443304754,0.007756769088663002
2024-12-02 10:00:00,3621.21,3622.22,3571.81,3578.41,36864.4,-0.011816524908869974,0.014113292700339564
2024-12-02 11:00:00,3578.27,3597.96,3569.58,3588.99,23926.3108,0.00295662039844502,0.007950515186660647
2024-12-02 12:00:00,3588.99,3615.19,3582.6,3595.64,20758.0196,0.0018528889743354426,0.009096745380449994
2024-12-02 13:00:00,3595.64,3629.4,3590.71,3626.34,22063.0441,0.008538118387825255,0.010775027780021236
2024-12-02 14:00:00,3626.34,3664.5,3615.2,3640.42,33980.2153,0.0038827026699095324,0.013636866563399033
2024-12-02 15:00:00,3640.42,3680.37,3620.29,3672.13,32711.5266,0.008710533399992393,0.0165953556206823
2024-12-02 16:00:00,3672.13,3682.01,3618.0,3625.95,31967.9036,-0.012575807501368441,0.017692095080154843
2024-12-02 17:00:00,3625.95,3644.99,3554.32,3566.35,65730.2515,-0.016437071663977676,0.02550980215624919
2024-12-02 18:00:00,3566.35,3632.88,3564.5,3622.38,23853.082,0.0157107406732373,0.01918361621545802
2024-12-02 19:00:00,3622.37,3622.5,3584.36,3612.17,16132.1198,-0.002818588883551687,0.010640672253903033
2024-12-02 20:00:00,3612.17,3630.58,3601.83,3614.81,14806.6899,0.0007308626116711014,0.007982053567214443
2024-12-02 21:00:00,3614.82,3628.63,3599.5,3615.92,13575.7454,0.0003070700811385052,0.008092790665370221
2024-12-02 22:00:00,3615.92,3622.11,3598.5,3615.03,12056.6175,-0.0002461337640212724,0.006561067111296409
2024-12-02 23:00:00,3615.02,3644.44,3612.0,3643.42,10394.3061,0.007853323485558894,0.00898117386489481
2024-12-03 00:00:00,3643.43,3647.34,3621.5,3637.74,22270.8088,-0.0015589748093824962,0.007135164986883928
2024-12-03 01:00:00,3637.73,3653.83,3617.64,3619.02,19064.108,-0.00514605221923492,0.010003759356928842
2024-12-03 02:00:00,3619.01,3658.16,3607.8,3644.38,26073.7206,0.007007421898746147,0.01395864515771375
2024-12-03 03:00:00,3644.37,3656.79,3635.59,3639.75,19324.787,-0.0012704492945302404,0.0058312405964368414
2024-12-03 04:00:00,3639.75,3655.52,3635.27,3644.43,12347.8613,0.0012858025963320419,0.005570425305410603
2024-12-03 05:00:00,3644.43,3664.54,3640.34,3655.14,13415.7978,0.00293873115960519,0.006647730706472422
2024-12-03 06:00:00,3655.13,3670.0,3626.34,3634.14,16039.2091,-0.005745333968055988,0.01203968739831341
2024-12-03 07:00:00,3634.14,3641.0,3600.0,3616.85,31245.8637,-0.004757659308667228,0.01138888888888889
2024-12-03 08:00:00,3616.85,3635.14,3600.5,3613.81,37930.0582,-0.0008405103888743382,0.009620885988057179
2024-12-03 09:00:00,3613.82,3615.45,3596.2,3611.0,29723.4866,-0.0007775727002803379,0.005352872476502976
2024-12-03 10:00:00,3611.01,3618.88,3585.0,3594.44,26466.2991,-0.004585987261146451,0.009450488145048844
2024-12-03 11:00:00,3594.44,3615.01,3591.54,3613.81,26953.919,0.005388878378829398,0.006534801227328738
2024-12-03 12:00:00,3613.81,3617.64,3598.0,3605.0,20350.8761,-0.002437870280949994,0.005458588104502466
2024-12-03 13:00:00,3605.0,3608.6,3538.0,3545.41,59613.93,-0.01652981969486833,0.019954776710005628
2024-12-03 14:00:00,3545.22,3586.0,3500.0,3580.36,101373.4198,0.009857816162305744,0.02457142857142857
2024-12-03 15:00:00,3580.35,3597.21,3558.17,3571.79,47675.0703,-0.0023936140499838388,0.010971932201103365
2024-12-03 16:00:00,3571.8,3594.4,3542.39,3551.81,33613.6463,-0.005593833904008916,0.014682177851676474
2024-12-03 17:00:00,3551.81,3578.76,3538.55,3578.76,22665.6431,0.007587680647332062,0.011363411566884751
2024-12-03 18:00:00,3578.75,3582.92,3565.03,3578.26,15202.8408,-0.00013971319674965788,0.0050181905902614765
2024-12-03 19:00:00,3578.26,3579.85,3550.07,3577.34,19032.2715,-0.00025710820342850216,0.00838856698600302
2024-12-03 20:00:00,3577.34,3609.5,3575.2,3606.94,19487.4806,0.008274304371404417,0.009593868874468612
2024-12-03 21:00:00,3606.78,3627.83,3603.59,3611.78,17505.6948,0.0013418576411030614,0.0067266253930107975
2024-12-03 22:00:00,3611.79,3633.0,3595.52,3632.42,15107.0728,0.005714633781680911,0.01042408330366679
2024-12-03 23:00:00,3632.42,3634.81,3611.75,3614.51,25916.3379,-0.004930597232698841,0.0063847165501488045
2024-12-04 00:00:00,3614.51,3694.86,3614.51,3691.87,46056.7366,0.02140262442212082,0.02222984581589203
2024-12-04 01:00:00,3691.87,3707.57,3673.6,3686.04,60141.2521,-0.0015791455278760802,0.009247060104529687
2024-12-04 02:00:00,3686.04,3687.77,3628.84,3648.63,51061.9205,-0.010149103102516488,0.016239349213522734
2024-12-04 03:00:00,3648.63,3676.43,3648.5,3661.8,15688.6212,0.0036095740044894686,0.007655200767438628
2024-12-04 04:00:00,3661.79,3675.39,3659.55,3669.63,14535.062,0.0021382926429625027,0.004328401032913798
2024-12-04 05:00:00,3669.62,3686.56,3669.55,3681.99,14747.1758,0.003368186983428778,0.004635445763104403
2024-12-04 06:00:00,3681.99,3695.38,3664.03,3694.61,16911.7049,0.00342749437125045,0.008556152651588525
2024-12-04 07:00:00,3694.61,3721.73,3681.72,3714.99,32692.8464,0.005516143787842154,0.010867203372336903
2024-12-04 08:00:00,3715.0,3720.44,3698.0,3702.7,23707.3787,-0.0033082188646537114,0.006068144943212562
2024-12-04 09:00:00,3702.69,3733.0,3696.42,3725.93,35356.1297,0.006273800199854129,0.009896061594732181
2024-12-04 10:00:00,3725.93,3742.17,3711.64,3721.91,36065.2565,-0.0010789252616125733,0.008225474453341434
2024-12-04 11:00:00,3721.91,3751.44,3717.17,3729.09,44515.282,0.0019291170393695989,0.00921937925895237
2024-12-04 12:00:00,3729.09,3744.0,3697.24,3717.89,35079.1887,-0.0030034137014660622,0.012647272019127841
2024-12-04 13:00:00,3717.9,3735.86,3690.0,3707.61,31552.1369,-0.002765009185317413,0.012428184281842853
2024-12-04 14:00:00,3707.61,3794.89,3693.23,3778.9,64539.7728,0.01922802020708758,0.02752604089103572
2024-12-04 15:00:00,3778.9,3853.38,3763.84,3821.0,111093.624,0.011140808171690164,0.023789534092841343
2024-12-04 16:00:00,3820.99,3829.6,3732.98,3756.43,80879.9363,-0.016898717613190284,0.02588280676564029
2024-12-04 17:00:00,3756.43,3819.73,3754.75,3811.24,45012.1697,0.014590981330678376,0.01730607896664226
2024-12-04 18:00:00,3811.25,3839.04,3796.0,3823.16,36025.2785,0.0031275910202452906,0.011338250790305576
2024-12-04 19:00:00,3823.11,3844.65,3817.1,3841.15,28934.8555,0.004705531549817454,0.007217521154803432
2024-12-04 20:00:00,3841.15,3887.0,3830.01,3879.01,61655.3413,0.009856423206591858,0.014879856710556834
2024-12-04 21:00:00,3879.01,3887.24,3832.6,3837.6,35003.6298,-0.010675404291301205,0.01425664040077229
2024-12-04 22:00:00,3837.61,3870.23,3833.3,3842.0,16519.7062,0.0011465499270377766,0.009633996817363585
2024-12-04 23:00:00,3842.0,3860.5,3822.5,3837.8,30969.0338,-0.0010931806350858997,0.009941137998691955
2024-12-05 00:00:00,3837.8,3839.6,3795.59,3796.44,28135.5577,-0.010777007660638938,0.01159503529095602
2024-12-05 01:00:00,3796.43,3826.52,3765.71,3801.21,46779.4766,0.0012564402440180533,0.01614834918249147
2024-12-05 02:00:00,3801.21,3880.0,3797.61,3856.0,59440.3959,0.014413831385269527,0.021695224101474314
2024-12-05 03:00:00,3856.0,3905.0,3817.74,3832.66,83971.649,-0.006052904564315398,0.02285645434209774
2024-12-05 04:00:00,3832.67,3880.2,3830.79,3855.98,32758.551,0.0060845470247818945,0.01289812284150263
2024-12-05 05:00:00,3855.99,3872.96,3820.02,3845.99,30703.5213,-0.0025907810725159797,0.013858566185517368
2024-12-05 06:00:00,3846.0,3864.99,3818.61,3850.3,22546.8605,0.0011206477395937497,0.012145780794582232
2024-12-05 07:00:00,3850.29,3867.14,3844.0,3850.98,24878.5349,0.00017660961483523252,0.006019771071800175
2024-12-05 08:00:00,3850.98,3922.99,3850.75,3907.3,47269.3514,0.0146248487398013,0.018759981821722983
2024-12-05 09:00:00,3907.3,3922.0,3900.0,3920.8,37045.5151,0.00345507127684086,0.0056410256410256415
2024-12-05 10:00:00,3920.79,3935.0,3908.5,3915.6,28007.8721,-0.0013262599469496816,0.006780094665472688
2024-12-05 11:00:00,3915.6,3943.28,3909.2,3930.98,25986.4015,0.003927878230667092,0.008717896244756058
2024-12-05 12:00:00,3930.98,3938.87,3917.4,3924.6,28959.1192,-0.0016230049504195598,0.005480675958543881
2024-12-05 13:00:00,3924.56,3937.0,3913.15,3917.14,26322.1106,-0.0019008306579014755,0.006094834085072105
2024-12-05 14:00:00,3917.14,3956.0,3902.0,3927.18,38189.912,0.002563094502621821,0.013839056893900564
2024-12-05 15:00:00,3927.19,3930.0,3861.0,3888.0,59532.4842,-0.009976624448077231,0.017871017871017872
2024-12-05 16:00:00,3888.0,3921.4,3869.54,3901.58,34089.2892,0.0034927983539094765,0.013402109811502175
2024-12-05 17:00:00,3901.58,3926.33,3893.18,3918.31,24954.7719,0.004288006397408228,0.008514890141221339
2024-12-05 18:00:00,3918.31,3923.61,3866.67,3870.0,27626.0598,-0.012329295027703302,0.014725849374267795
2024-12-05 19:00:00,3870.01,3887.77,3820.01,3830.81,34196.7464,-0.010126614987080118,0.017738173460278835
2024-12-05 20:00:00,3830.8,3846.74,3785.49,3826.2,54462.8373,-0.0012034008473403857,0.016180203883777267
2024-12-05 21:00:00,3826.2,3858.96,3820.23,3855.6,17976.6754,0.007683863885839859,0.010138133044345502
2024-12-05 22:00:00,3855.6,3862.23,3677.0,3803.32,93377.9077,-0.013559497873223303,0.05037530595594235
2024-12-05 23:00:00,3803.32,3818.5,3763.85,3785.2,39281.6753,-0.004764258595122195,0.014519707214687113
2024-12-06 00:00:00,3785.21,3882.7,3777.26,3862.32,42943.531,0.02037408855542644,0.027914414152057202
2024-12-06 01:00:00,3862.32,3888.2,3838.4,3869.47,30267.0551,0.0018512189564821036,0.012974155898290884
2024-12-06 02:00:00,3869.47,3877.14,3849.88,3877.14,15615.3591,0.001982183606540344,0.007080740178914606
2024-12-06 03:00:00,3877.13,3914.0,3850.39,3907.01,24301.0882,0.007704132427511112,0.016520404426564616
2024-12-06 04:00:00,3907.01,3913.95,3889.4,3903.0,17111.6647,-0.0010263603113378483,0.006312027562091769
2024-12-06 05:00:00,3903.0,3903.61,3874.5,3889.09,18209.4599,-0.003563925185754546,0.007513227513227546
2024-12-06 06:00:00,3889.1,3929.0,3888.8,3907.02,27877.9448,0.004610333008493006,0.010337379140094584
2024-12-06 07:00:00,3907.02,3907.73,3885.75,3893.75,17599.6907,-0.003396450491679026,0.005656565656565661
2024-12-06 08:00:00,3893.74,3910.45,3878.48,3879.38,20699.6074,-0.0036905296950240363,0.008242919906767548
2024-12-06 09:00:00,3879.38,3886.65,3855.46,3868.6,28542.7258,-0.002778794549644581,0.008089825857355556
2024-12-06 10:00:00,3868.6,3876.36,3845.3,3864.01,24240.7526,-0.0011864757276532911,0.008077393181286231
2024-12-06 11:00:00,3864.01,3879.79,3852.4,3867.02,18857.4589,0.0007789834912435012,0.007109853597757209
2024-12-06 12:00:00,3867.01,3883.45,3831.9,3837.0,24659.1381,-0.007763083718211994,0.013452856285393597
2024-12-06 13:00:00,3837.01,3894.6,3836.22,3888.8,46376.6517,0.013500130310138081,0.015218105322426793
2024-12-06 14:00:00,3888.79,3986.15,3874.06,3984.49,71928.0543,0.024606562435712798,0.028933470312798498
2024-12-06 15:00:00,3984.48,4041.0,3974.6,3993.02,143735.0337,0.0021408009557057905,0.016706083631057238
2024-12-06 16:00:00,3993.01,4014.42,3980.11,4003.52,39957.3454,0.0026295886321632267,0.008620364763787922
2024-12-06 17:00:00,4003.51,4041.81,4003.51,4016.41,36731.0801,0.003219666693309753,0.009566605303845807
2024-12-06 18:00:00,4016.42,4058.0,4008.57,4051.01,33748.7938,0.008614658364061611,0.012331080659686581
2024-12-06 19:00:00,4051.0,4073.86,4043.0,4067.62,27189.8283,0.0041002120458848434,0.007632945832302777
2024-12-06 20:00:00,4067.61,4087.73,4024.59,4044.31,42330.1112,-0.005730623804583557,0.015688554610531723
2024-12-06 21:00:00,4044.31,4056.22,4018.67,4022.8,19582.8674,-0.005318583392469822,0.0093438874055346
2024-12-06 22:00:00,4022.8,4039.98,4021.2,4023.94,13289.5365,0.0002833847071690432,0.004670247687257585
2024-12-06 23:00:00,4023.94,4026.64,3990.03,3998.87,18060.3359,-0.006230212180102113,0.009175369608749727
2024-12-07 00:00:00,3998.87,4024.46,3991.39,4013.4,14762.1069,0.0036335264712281656,0.008285334181826422
2024-12-07 01:00:00,4013.4,4018.91,3978.94,3981.62,22877.0492,-0.00791847311506455,0.010045388972942493
2024-12-07 02:00:00,3981.62,4001.6,3975.08,3991.36,13202.8066,0.0024462404749825417,0.0066715638427402675
2024-12-07 03:00:00,3991.35,3994.48,3970.0,3986.87,14446.5118,-0.0011249298484727888,0.006166246851385395
2024-12-07 04:00:00,3986.87,4000.0,3980.61,3995.26,12113.2449,0.0021044077183354215,0.00487111271890486
2024-12-07 05:00:00,3995.26,4003.16,3981.69,3989.21,11611.0912,-0.0015142944389101576,0.005392182716384198
2024-12-07 06:00:00,3989.22,3992.25,3976.69,3978.0,9172.1801,-0.002810080191316122,0.0039128018527971615
2024-12-07 07:00:00,3978.0,3987.99,3968.0,3985.87,11561.5311,0.0019783810960281034,0.005037802419354784
2024-12-07 08:00:00,3985.87,3996.02,3973.51,3979.22,11015.4131,-0.001668393600393392,0.005665016572249664
2024-12-07 09:00:00,3979.21,3991.46,3978.27,3986.28,10821.5723,0.0017742170576144911,0.0033155115163123806
2024-12-07 10:00:00,3986.28,3986.44,3975.0,3981.83,9147.6256,-0.0011163290084992283,0.0028779874213836617
2024-12-07 11:00:00,3981.83,3993.67,3980.41,3993.67,2847.6865,0.0029735071562573268,0.003331315115779585
